id;start_date;end_date;language
1;2023-12-02T15:17:52;2023-12-02T00:41:26;FRENCH
2;2023-12-02T11:01:55;2023-12-02T14:24:39;FRENCH
3;2023-12-02T04:28:51;2023-12-02T19:03:21;FRENCH
4;2023-12-02T06:48:44;2023-12-02T06:17:43;FRENCH
5;2023-12-02T10:46:29;2023-12-02T18:42:02;FRENCH
6;2023-12-02T20:43:27;2023-12-02T17:18:56;ENGLISH
7;2023-12-01T23:28:21;2023-12-02T06:53:18;FRENCH
8;2023-12-02T07:29:55;2023-12-02T12:37:12;SPANISH
9;2023-12-02T03:22:00;2023-12-02T01:14:15;FRENCH
10;2023-12-02T09:59:01;2023-12-02T00:26:51;ENGLISH
